{
  "bounding_box": {
    "xmin": -58.0,
    "ymin": -58.0,
    "xmax": 58.0,
    "ymax": 58.0
  },
  "polygons": [
    [
      [
        5.0,
        58.0
      ],
      [
        5.0,
        48.0
      ],
      [
        -5.0,
        48.0
      ],
      [
        -5.0,
        58.0
      ]
    ],
    [
      [
        2.5,
        56.0
      ],
      [
        2.5,
        36.0
      ],
      [
        -2.5,
        36.0
      ],
      [
        -2.5,
        56.0
      ]
    ],
    [
      [
        11.0,
        36.0
      ],
      [
        11.0,
        26.0
      ],
      [
        -11.0,
        26.0
      ],
      [
        -11.0,
        36.0
      ]
    ],
    [
      [
        -5.000000000000002,
        -58.0
      ],
      [
        -5.0,
        -48.0
      ],
      [
        5.0,
        -48.0
      ],
      [
        4.999999999999999,
        -58.0
      ]
    ],
    [
      [
        -2.500000000000001,
        -56.0
      ],
      [
        -2.4999999999999982,
        -36.0
      ],
      [
        2.5000000000000013,
        -36.0
      ],
      [
        2.499999999999999,
        -56.0
      ]
    ],
    [
      [
        -10.999999999999998,
        -36.0
      ],
      [
        -10.999999999999996,
        -25.999999999999996
      ],
      [
        11.000000000000004,
        -26.0
      ],
      [
        11.000000000000002,
        -36.0
      ]
    ],
    [
      [
        -58.0,
        5.0
      ],
      [
        -48.0,
        5.0
      ],
      [
        -48.0,
        -5.0
      ],
      [
        -58.0,
        -4.999999999999999
      ]
    ],
    [
      [
        -56.0,
        2.500000000000001
      ],
      [
        -36.0,
        2.499999999999999
      ],
      [
        -36.0,
        -2.500000000000001
      ],
      [
        -56.0,
        -2.4999999999999996
      ]
    ],
    [
      [
        -36.0,
        11.0
      ],
      [
        -26.0,
        10.999999999999998
      ],
      [
        -26.0,
        -11.000000000000002
      ],
      [
        -36.0,
        -11.0
      ]
    ],
    [
      [
        58.0,
        -5.0
      ],
      [
        48.0,
        -5.0
      ],
      [
        48.0,
        5.0
      ],
      [
        58.0,
        5.000000000000001
      ]
    ],
    [
      [
        56.0,
        -2.499999999999999
      ],
      [
        36.0,
        -2.500000000000001
      ],
      [
        36.0,
        2.499999999999999
      ],
      [
        56.0,
        2.5000000000000004
      ]
    ],
    [
      [
        36.0,
        -11.0
      ],
      [
        26.0,
        -11.0
      ],
      [
        26.0,
        10.999999999999998
      ],
      [
        36.0,
        11.0
      ]
    ],
    [
      [
        10.0,
        10.0
      ],
      [
        10.0,
        -10.0
      ],
      [
        -10.0,
        -10.0
      ],
      [
        -10.0,
        10.0
      ]
    ],
    [
      [
        28.232,
        30.354
      ],
      [
        30.354,
        28.232
      ],
      [
        0.354,
        -1.7679999999999998
      ],
      [
        -1.7679999999999998,
        0.354
      ]
    ],
    [
      [
        34.293,
        34.293
      ],
      [
        34.293,
        24.293
      ],
      [
        24.293,
        24.293
      ],
      [
        24.293,
        34.293
      ]
    ],
    [
      [
        -30.354,
        28.232
      ],
      [
        -28.232,
        30.354
      ],
      [
        1.7679999999999998,
        0.354
      ],
      [
        -0.354,
        -1.7679999999999998
      ]
    ],
    [
      [
        -34.293,
        34.293
      ],
      [
        -24.293,
        34.293
      ],
      [
        -24.293,
        24.293
      ],
      [
        -34.293,
        24.293
      ]
    ],
    [
      [
        -28.232,
        -30.354
      ],
      [
        -30.354,
        -28.232
      ],
      [
        -0.354,
        1.7679999999999998
      ],
      [
        1.7679999999999998,
        -0.354
      ]
    ],
    [
      [
        -34.293,
        -34.293
      ],
      [
        -34.293,
        -24.293
      ],
      [
        -24.293,
        -24.293
      ],
      [
        -24.293,
        -34.293
      ]
    ],
    [
      [
        30.354,
        -28.232
      ],
      [
        28.232,
        -30.354
      ],
      [
        -1.7679999999999998,
        -0.354
      ],
      [
        0.354,
        1.7679999999999998
      ]
    ],
    [
      [
        34.293,
        -34.293
      ],
      [
        24.292999999999996,
        -34.293
      ],
      [
        24.293,
        -24.293
      ],
      [
        34.293,
        -24.293000000000003
      ]
    ]
  ]
}